{
    "coord_offsets": [
        {
            "index": 57,
            "offset": [
                0.000000,
                1000.000000,
                0.000000
            ]
        },
        {
            "index": 56,
            "offset": [
                0.000000,
                0.000000,
                0.000000
            ]
        },
        {
            "index": 55,
            "offset": [
                -3.000000,
                -5.000000,
                -8.000000
            ]
        },
        {
            "index": 54,
            "offset": [
                0.000000,
                0.000000,
                0.000000
            ]
        }
    ],
    "global_offset": [
        0.000000,
        0.000000,
        0.000000
    ]
}